first_name,last_name,phone,email,website,company
Alice,Smith,14155550101,alice.smith+spam@gmail.com,https://smithcorp.com/about,Smith Corp LLC
Bob,Jones,(212) 555-0202,sales@acme.com,https://www.acme.com/contact,Acme LLC
Charlie,Brown,6505550303,charlie.brown@test.com,http://brown.org,Brown Co
David,Miller,512-555-0999,david.miller@work.com,http://miller.net,Miller LLC
James,Moore,(650) 555-7803,james.moore7511@yahoo.com,https://www.initechcorp.com,Initech Corp.
James,Smith,(512) 555-9380,james.smith5346@yahoo.com,https://www.bluthcompanycorp.com,Bluth Company Corp.
Mary,Anderson,(415) 555-3450,mary.anderson7431@yahoo.com,https://www.veerdyinc.com,Veerdy Inc.
Mary,Davis,(212) 555-5787,mary.davis9515@yahoo.com,https://www.globexllc.com,Globex LLC
William,Rodriguez,(305) 555-8557,william.rodriguez2780@yahoo.com,https://www.wayneenterprisesllc.com,Wayne Enterprises LLC
Michael,Jones,(512) 555-1438,michael.jones2406@yahoo.com,https://www.soylentltd.com,Soylent Ltd.
Mary,Johnson,(512) 555-5714,mary.johnson3783@yahoo.com,https://www.wayneenterprisescorp.com,Wayne Enterprises Corp.
Richard,Hernandez,(305) 555-1357,richard.hernandez9405@yahoo.com,https://www.cyberdynellc.com,Cyberdyne LLC
Sarah,Smith,(415) 555-6449,sarah.smith6524@yahoo.com,https://www.cyberdynellc.com,Cyberdyne LLC
William,Thomas,(212) 555-2162,william.thomas7580@yahoo.com,https://www.acmeltd.com,Acme Ltd.
Karen,Johnson,(415) 555-9355,karen.johnson7576@yahoo.com,https://www.bluthcompanyltd.com,Bluth Company Ltd.
William,Jones,(212) 555-7748,william.jones2514@yahoo.com,https://www.soylentllc.com,Soylent LLC
Charles,Rodriguez,(212) 555-7948,charles.rodriguez6351@yahoo.com,https://www.wayneenterprisesco.com,Wayne Enterprises Co.
Joseph,Williams,(650) 555-9607,joseph.williams9584@yahoo.com,https://www.starkindustriesllc.com,Stark Industries LLC
Joseph,Moore,(305) 555-9231,joseph.moore8739@yahoo.com,https://www.veerdyinc.com,Veerdy Inc.
Patricia,Moore,(415) 555-6623,patricia.moore7639@yahoo.com,https://www.soylentllc.com,Soylent LLC
Thomas,Thomas,(650) 555-4338,thomas.thomas4850@yahoo.com,https://www.tyrellco.com,Tyrell Co.
John,Johnson,(212) 555-9856,john.johnson2593@yahoo.com,https://www.hooliinc.com,Hooli Inc.
Susan,Wilson,(305) 555-8181,susan.wilson9820@yahoo.com,https://www.globexllc.com,Globex LLC
David,Williams,(650) 555-2282,david.williams2956@yahoo.com,https://www.acmecorp.com,Acme Corp.
Jennifer,Gonzalez,(512) 555-9758,jennifer.gonzalez5873@yahoo.com,https://www.wayneenterprisesltd.com,Wayne Enterprises Ltd.
John,Garcia,(415) 555-1851,john.garcia1633@yahoo.com,https://www.vandelayinc.com,Vandelay Inc.
Karen,Lopez,(512) 555-5201,karen.lopez7335@yahoo.com,https://www.apexcorp.com,Apex Corp.
Charles,Gonzalez,(305) 555-6514,charles.gonzalez7443@yahoo.com,https://www.apexltd.com,Apex Ltd.
William,Garcia,(415) 555-4219,william.garcia8342@yahoo.com,https://www.veerdyllc.com,Veerdy LLC
Susan,Moore,(212) 555-4826,susan.moore8082@yahoo.com,https://www.apexcorp.com,Apex Corp.
Charles,Taylor,(212) 555-3245,charles.taylor3165@yahoo.com,https://www.wayneenterprisesllc.com,Wayne Enterprises LLC
David,Jones,(512) 555-1946,david.jones1305@yahoo.com,https://www.cyberdyneinc.com,Cyberdyne Inc.
Jennifer,Jackson,(305) 555-1139,jennifer.jackson5108@yahoo.com,https://www.initechllc.com,Initech LLC
Robert,Jackson,(212) 555-2439,robert.jackson7800@yahoo.com,https://www.initechllc.com,Initech LLC
Jessica,Lopez,(305) 555-7636,jessica.lopez8503@yahoo.com,https://www.hooliltd.com,Hooli Ltd.
Linda,Garcia,(305) 555-2860,linda.garcia8471@yahoo.com,https://www.hooliinc.com,Hooli Inc.
Sarah,Williams,(212) 555-3762,sarah.williams5650@yahoo.com,https://www.wayneenterprisesco.com,Wayne Enterprises Co.
John,Wilson,(415) 555-2406,john.wilson3197@yahoo.com,https://www.acmecorp.com,Acme Corp.
Sarah,Hernandez,(512) 555-7963,sarah.hernandez4876@yahoo.com,https://www.cyberdynecorp.com,Cyberdyne Corp.
Robert,Garcia,(650) 555-8009,robert.garcia9224@yahoo.com,https://www.hooliinc.com,Hooli Inc.
Elizabeth,Brown,(212) 555-8532,elizabeth.brown6011@yahoo.com,https://www.apexcorp.com,Apex Corp.
Thomas,Smith,(212) 555-2892,thomas.smith2334@yahoo.com,https://www.starkindustriesco.com,Stark Industries Co.
Barbara,Wilson,(650) 555-1850,barbara.wilson8585@yahoo.com,https://www.tyrellco.com,Tyrell Co.
Mary,Miller,(512) 555-5687,mary.miller6626@yahoo.com,https://www.initechco.com,Initech Co.
Karen,Anderson,(650) 555-9339,karen.anderson5770@yahoo.com,https://www.apexltd.com,Apex Ltd.
William,Hernandez,(650) 555-2040,william.hernandez5330@yahoo.com,https://www.umbrellacorpllc.com,Umbrella Corp LLC
William,Lopez,(212) 555-3447,william.lopez2486@yahoo.com,https://www.wayneenterprisesltd.com,Wayne Enterprises Ltd.
Robert,Jackson,(512) 555-2480,robert.jackson3620@yahoo.com,https://www.oscorpltd.com,Oscorp Ltd.
William,Wilson,(305) 555-1534,william.wilson8495@yahoo.com,https://www.oscorpllc.com,Oscorp LLC
Elizabeth,Davis,(512) 555-5879,elizabeth.davis7246@yahoo.com,https://www.oscorpco.com,Oscorp Co.
John,Martinez,(305) 555-6283,john.martinez2253@yahoo.com,https://www.acmeltd.com,Acme Ltd.
Karen,Jackson,(415) 555-1232,karen.jackson3056@yahoo.com,https://www.wayneenterprisesllc.com,Wayne Enterprises LLC
David,Martin,090-555-1235,david.martin9106@yahoo.com,https://www.acmeltd.com,Acme Ltd.
Joseph,Thomas,(415) 555-7980,joseph.thomas8678@yahoo.com,https://www.globexltd.com,Globex Ltd.
Karen,Miller,(650) 555-2203,karen.miller1968@yahoo.com,https://www.bluthcompanycorp.com,Bluth Company Corp.
Elizabeth,Jones,(212) 555-1904,elizabeth.jones6123@yahoo.com,https://www.apexcorp.com,Apex Corp.
Jessica,Martin,(512) 555-3333,jessica.martin5017@yahoo.com,https://www.bluthcompanycorp.com,Bluth Company Corp.
Jessica,Martin,(212) 555-4216,jessica.martin1389@yahoo.com,https://www.wayneenterprisescorp.com,Wayne Enterprises Corp.
Patricia,Martinez,(305) 555-4645,patricia.martinez1019@yahoo.com,https://www.bluthcompanyco.com,Bluth Company Co.
James,Wilson,(415) 555-8605,james.wilson1467@yahoo.com,https://www.acmeinc.com,Acme Inc.
Charles,Jackson,(415) 555-8450,charles.jackson5092@yahoo.com,https://www.wayneenterprisesco.com,Wayne Enterprises Co.
Patricia,Martinez,(512) 555-4570,patricia.martinez6860@yahoo.com,https://www.apexinc.com,Apex Inc.
Richard,Moore,(415) 555-2005,richard.moore3200@yahoo.com,https://www.bluthcompanyco.com,Bluth Company Co.
Susan,Miller,(650) 555-9298,susan.miller6377@yahoo.com,https://www.soylentllc.com,Soylent LLC
Jessica,Anderson,(212) 555-4301,jessica.anderson1547@yahoo.com,https://www.veerdyllc.com,Veerdy LLC
Karen,Martin,(650) 555-3145,karen.martin7599@yahoo.com,https://www.soylentcorp.com,Soylent Corp.
Charles,Gonzalez,(650) 555-4369,charles.gonzalez7284@yahoo.com,https://www.vandelayllc.com,Vandelay LLC
Patricia,Johnson,(512) 555-7328,patricia.johnson8258@yahoo.com,https://www.starkindustriesltd.com,Stark Industries Ltd.
Richard,Johnson,(212) 555-2618,richard.johnson5451@yahoo.com,https://www.vandelayltd.com,Vandelay Ltd.
John,Miller,(650) 555-6577,john.miller7067@yahoo.com,https://www.cyberdynecorp.com,Cyberdyne Corp.
John,Anderson,(512) 555-5550,john.anderson7008@yahoo.com,https://www.tyrellltd.com,Tyrell Ltd.
Richard,Miller,(212) 555-9449,richard.miller1960@yahoo.com,https://www.starkindustriescorp.com,Stark Industries Corp.
William,Moore,(415) 555-7514,william.moore9878@yahoo.com,https://www.bluthcompanyllc.com,Bluth Company LLC
Charles,Taylor,(415) 555-1166,charles.taylor4055@yahoo.com,https://www.umbrellacorpcorp.com,Umbrella Corp Corp.
David,Moore,(305) 555-4188,david.moore8434@yahoo.com,https://www.starkindustriesltd.com,Stark Industries Ltd.
Patricia,Smith,(650) 555-9267,patricia.smith8870@yahoo.com,https://www.bluthcompanycorp.com,Bluth Company Corp.
David,Garcia,(305) 555-2060,david.garcia8330@yahoo.com,https://www.hoolicorp.com,Hooli Corp.
Patricia,Taylor,(305) 555-8027,patricia.taylor5945@yahoo.com,https://www.acmecorp.com,Acme Corp.
Joseph,Moore,(512) 555-8205,joseph.moore6807@yahoo.com,https://www.apexco.com,Apex Co.
Susan,Lopez,(415) 555-9060,susan.lopez2838@yahoo.com,https://www.oscorpcorp.com,Oscorp Corp.
Elizabeth,Moore,(512) 555-4027,elizabeth.moore9938@yahoo.com,https://www.starkindustriesllc.com,Stark Industries LLC
John,Brown,(305) 555-8351,john.brown5466@yahoo.com,https://www.hoolicorp.com,Hooli Corp.
Thomas,Jones,150-555-6524,thomas.jones7265@yahoo.com,https://www.cyberdyneco.com,Cyberdyne Co.
Joseph,Thomas,(305) 555-4427,joseph.thomas8212@yahoo.com,https://www.soylentllc.com,Soylent LLC
William,Gonzalez,(512) 555-1397,william.gonzalez6270@yahoo.com,https://www.apexcorp.com,Apex Corp.
Joseph,Taylor,(305) 555-9480,joseph.taylor3555@yahoo.com,https://www.cyberdynecorp.com,Cyberdyne Corp.
Jessica,Johnson,(650) 555-6077,jessica.johnson5975@yahoo.com,https://www.cyberdyneinc.com,Cyberdyne Inc.
Susan,Wilson,(650) 555-6544,susan.wilson2532@yahoo.com,https://www.starkindustriesllc.com,Stark Industries LLC
Sarah,Jones,(512) 555-9213,sarah.jones9527@yahoo.com,https://www.apexcorp.com,Apex Corp.
Robert,Martin,(212) 555-7888,robert.martin9303@yahoo.com,https://www.bluthcompanyinc.com,Bluth Company Inc.
Elizabeth,Davis,(415) 555-2240,elizabeth.davis4728@yahoo.com,https://www.globexllc.com,Globex LLC
Robert,Garcia,(512) 555-6957,robert.garcia2474@yahoo.com,https://www.cyberdyneco.com,Cyberdyne Co.
David,Rodriguez,(415) 555-5222,david.rodriguez6826@yahoo.com,https://www.tyrellcorp.com,Tyrell Corp.
Richard,Davis,(650) 555-1261,richard.davis8524@yahoo.com,https://www.vandelayllc.com,Vandelay LLC
Jessica,Brown,(650) 555-2213,jessica.brown7031@yahoo.com,https://www.veerdyltd.com,Veerdy Ltd.
Robert,Jones,(415) 555-5765,robert.jones5255@yahoo.com,https://www.apexco.com,Apex Co.
Joseph,Moore,(512) 555-8715,joseph.moore6072@yahoo.com,https://www.initechinc.com,Initech Inc.
Elizabeth,Thomas,(305) 555-3898,elizabeth.thomas5314@yahoo.com,https://www.oscorpltd.com,Oscorp Ltd.
John,Johnson,(415) 555-8274,john.johnson3520@yahoo.com,https://www.apexcorp.com,Apex Corp.
Richard,Taylor,173-555-8430,richard.taylor6490@yahoo.com,https://www.veerdyltd.com,Veerdy Ltd.
Karen,Gonzalez,(650) 555-2375,karen.gonzalez1944@yahoo.com,https://www.cyberdyneinc.com,Cyberdyne Inc.
Jessica,Martin,(512) 555-8340,jessica.martin5035@yahoo.com,https://www.vandelaycorp.com,Vandelay Corp.
Patricia,Jackson,(650) 555-1366,patricia.jackson2574@yahoo.com,https://www.starkindustriesinc.com,Stark Industries Inc.
David,Miller,(415) 555-1949,david.miller3006@yahoo.com,https://www.hooliltd.com,Hooli Ltd.
Susan,Hernandez,(512) 555-9129,susan.hernandez6439@yahoo.com,https://www.soylentco.com,Soylent Co.
Elizabeth,Lopez,(212) 555-5346,elizabeth.lopez7142@yahoo.com,https://www.umbrellacorpltd.com,Umbrella Corp Ltd.
James,Miller,119-555-1161,james.miller9301@yahoo.com,https://www.wayneenterprisesinc.com,Wayne Enterprises Inc.
James,Moore,(305) 555-5048,james.moore4857@yahoo.com,https://www.tyrellinc.com,Tyrell Inc.
Patricia,Jackson,099-555-4166,patricia.jackson6595@yahoo.com,https://www.acmeco.com,Acme Co.
Karen,Lopez,(305) 555-1743,karen.lopez4553@yahoo.com,https://www.oscorpltd.com,Oscorp Ltd.
Susan,Taylor,(512) 555-9170,susan.taylor9277@yahoo.com,https://www.wayneenterprisescorp.com,Wayne Enterprises Corp.
David,Hernandez,(512) 555-8226,david.hernandez6792@yahoo.com,https://www.acmellc.com,Acme LLC
Jennifer,Wilson,(212) 555-2406,jennifer.wilson3281@yahoo.com,https://www.bluthcompanyltd.com,Bluth Company Ltd.
John,Taylor,(305) 555-7080,john.taylor6808@yahoo.com,https://www.bluthcompanyco.com,Bluth Company Co.
Elizabeth,Thomas,114-555-6488,elizabeth.thomas9400@yahoo.com,https://www.globexco.com,Globex Co.
Jennifer,Smith,(512) 555-1665,jennifer.smith2022@yahoo.com,https://www.bluthcompanyco.com,Bluth Company Co.
Karen,Gonzalez,(512) 555-6972,karen.gonzalez2497@yahoo.com,https://www.bluthcompanyllc.com,Bluth Company LLC
Michael,Jones,(212) 555-1211,michael.jones9578@yahoo.com,https://www.oscorpinc.com,Oscorp Inc.
James,Martinez,051-555-6694,james.martinez8645@yahoo.com,https://www.umbrellacorpcorp.com,Umbrella Corp Corp.
Sarah,Hernandez,013-555-6135,sarah.hernandez8437@yahoo.com,https://www.oscorpco.com,Oscorp Co.
Jessica,Hernandez,119-555-3991,jessica.hernandez2156@yahoo.com,https://www.hoolico.com,Hooli Co.
Joseph,Taylor,(650) 555-8092,joseph.taylor8115@yahoo.com,https://www.umbrellacorpltd.com,Umbrella Corp Ltd.
Linda,Smith,(415) 555-4353,linda.smith3682@yahoo.com,https://www.initechltd.com,Initech Ltd.
Barbara,Lopez,(650) 555-6837,barbara.lopez7424@yahoo.com,https://www.cyberdyneco.com,Cyberdyne Co.
Susan,Martin,067-555-4744,susan.martin6612@yahoo.com,https://www.soylentinc.com,Soylent Inc.
William,Smith,(650) 555-1818,william.smith2955@yahoo.com,https://www.umbrellacorpllc.com,Umbrella Corp LLC
Barbara,Williams,(415) 555-8447,barbara.williams6130@yahoo.com,https://www.wayneenterprisesinc.com,Wayne Enterprises Inc.
Linda,Hernandez,053-555-3098,linda.hernandez2774@yahoo.com,https://www.cyberdyneltd.com,Cyberdyne Ltd.
Joseph,Jones,(650) 555-9103,joseph.jones8513@yahoo.com,https://www.tyrellinc.com,Tyrell Inc.
Elizabeth,Miller,(512) 555-2754,elizabeth.miller1886@yahoo.com,https://www.veerdyllc.com,Veerdy LLC
Robert,Hernandez,(512) 555-3722,robert.hernandez3488@yahoo.com,https://www.starkindustriescorp.com,Stark Industries Corp.
Jessica,Gonzalez,165-555-5816,jessica.gonzalez3644@yahoo.com,https://www.umbrellacorpinc.com,Umbrella Corp Inc.
Jennifer,Anderson,(305) 555-6484,jennifer.anderson8449@yahoo.com,https://www.initechllc.com,Initech LLC
Mary,Wilson,(512) 555-7094,mary.wilson4761@yahoo.com,https://www.veerdyco.com,Veerdy Co.
Robert,Jackson,(650) 555-4550,robert.jackson5967@yahoo.com,https://www.globexco.com,Globex Co.
John,Martinez,027-555-7094,john.martinez7660@yahoo.com,https://www.tyrellco.com,Tyrell Co.
Barbara,Brown,(650) 555-9237,barbara.brown7093@yahoo.com,https://www.wayneenterprisesco.com,Wayne Enterprises Co.
Barbara,Martin,048-555-8452,barbara.martin7793@yahoo.com,https://www.starkindustriesltd.com,Stark Industries Ltd.
Michael,Brown,(415) 555-9113,michael.brown9337@yahoo.com,https://www.apexco.com,Apex Co.
Patricia,Hernandez,(650) 555-7963,patricia.hernandez8712@yahoo.com,https://www.cyberdyneco.com,Cyberdyne Co.
Thomas,Jackson,145-555-9328,thomas.jackson4328@yahoo.com,https://www.tyrellinc.com,Tyrell Inc.
Jennifer,Anderson,(305) 555-6249,jennifer.anderson2015@yahoo.com,https://www.soylentinc.com,Soylent Inc.
James,Gonzalez,(305) 555-1843,james.gonzalez9348@yahoo.com,https://www.vandelayinc.com,Vandelay Inc.
Michael,Davis,(305) 555-4790,michael.davis6072@yahoo.com,https://www.vandelaycorp.com,Vandelay Corp.
Jessica,Lopez,(305) 555-1753,jessica.lopez6177@yahoo.com,https://www.starkindustriesinc.com,Stark Industries Inc.
Robert,Taylor,(305) 555-6929,robert.taylor3385@yahoo.com,https://www.veerdyco.com,Veerdy Co.
Jennifer,Johnson,(212) 555-2715,jennifer.johnson7018@yahoo.com,https://www.globexcorp.com,Globex Corp.
Robert,Jones,(415) 555-4614,robert.jones3633@yahoo.com,https://www.apexltd.com,Apex Ltd.
Sarah,Martinez,(305) 555-9239,sarah.martinez3003@yahoo.com,https://www.umbrellacorpcorp.com,Umbrella Corp Corp.
Patricia,Williams,(415) 555-8755,patricia.williams5661@yahoo.com,https://www.soylentcorp.com,Soylent Corp.
Barbara,Johnson,(650) 555-1128,barbara.johnson7518@yahoo.com,https://www.cyberdyneinc.com,Cyberdyne Inc.
Robert,Williams,(512) 555-6496,robert.williams8407@yahoo.com,https://www.apexco.com,Apex Co.
Charles,Thomas,110-555-2453,charles.thomas1006@yahoo.com,https://www.starkindustriescorp.com,Stark Industries Corp.
Thomas,Lopez,197-555-1211,thomas.lopez3744@yahoo.com,https://www.veerdyco.com,Veerdy Co.
James,Martin,(415) 555-1023,james.martin7536@yahoo.com,https://www.veerdyco.com,Veerdy Co.
Joseph,Gonzalez,066-555-5061,joseph.gonzalez8762@yahoo.com,https://www.cyberdyneltd.com,Cyberdyne Ltd.
Jennifer,Moore,(415) 555-6755,jennifer.moore5853@yahoo.com,https://www.veerdyinc.com,Veerdy Inc.
Sarah,Jackson,(512) 555-1850,sarah.jackson4966@yahoo.com,https://www.hooliltd.com,Hooli Ltd.
Elizabeth,Garcia,(212) 555-5127,elizabeth.garcia8424@yahoo.com,https://www.hoolico.com,Hooli Co.
Patricia,Wilson,(415) 555-3016,patricia.wilson1002@yahoo.com,https://www.umbrellacorpltd.com,Umbrella Corp Ltd.
Charles,Lopez,(512) 555-6011,charles.lopez6918@yahoo.com,https://www.wayneenterprisesco.com,Wayne Enterprises Co.
Elizabeth,Martinez,(212) 555-8298,elizabeth.martinez3880@yahoo.com,https://www.vandelayllc.com,Vandelay LLC
Mary,Wilson,(415) 555-5969,mary.wilson1057@yahoo.com,https://www.cyberdyneinc.com,Cyberdyne Inc.
Barbara,Thomas,(305) 555-2086,barbara.thomas6988@yahoo.com,https://www.cyberdyneltd.com,Cyberdyne Ltd.
Charles,Davis,(305) 555-9823,charles.davis4360@yahoo.com,https://www.apexcorp.com,Apex Corp.
Barbara,Moore,(305) 555-4621,barbara.moore9160@yahoo.com,https://www.cyberdyneltd.com,Cyberdyne Ltd.
Linda,Moore,(305) 555-1043,linda.moore2691@yahoo.com,https://www.soylentinc.com,Soylent Inc.
David,Williams,(212) 555-4318,david.williams9057@yahoo.com,https://www.cyberdyneltd.com,Cyberdyne Ltd.
William,Davis,(415) 555-3468,william.davis4729@yahoo.com,https://www.hooliinc.com,Hooli Inc.
Karen,Johnson,(512) 555-9187,karen.johnson9453@yahoo.com,https://www.initechco.com,Initech Co.
Sarah,Hernandez,(650) 555-4784,sarah.hernandez2636@yahoo.com,https://www.wayneenterprisescorp.com,Wayne Enterprises Corp.
David,Lopez,(305) 555-3503,david.lopez1983@yahoo.com,https://www.bluthcompanyltd.com,Bluth Company Ltd.
James,Jones,(305) 555-2066,james.jones3070@yahoo.com,https://www.vandelayco.com,Vandelay Co.
Karen,Garcia,(512) 555-3603,karen.garcia2138@yahoo.com,https://www.wayneenterprisesinc.com,Wayne Enterprises Inc.
Robert,Jones,(415) 555-4355,robert.jones3231@yahoo.com,https://www.bluthcompanyinc.com,Bluth Company Inc.
John,Williams,(512) 555-7077,john.williams7762@yahoo.com,https://www.initechcorp.com,Initech Corp.
John,Martin,(512) 555-7508,john.martin9494@yahoo.com,https://www.cyberdyneltd.com,Cyberdyne Ltd.
Richard,Johnson,(415) 555-4505,richard.johnson7889@yahoo.com,https://www.globexinc.com,Globex Inc.
David,Williams,(212) 555-1683,david.williams4051@yahoo.com,https://www.oscorpinc.com,Oscorp Inc.
Charles,Martin,(415) 555-4151,charles.martin1925@yahoo.com,https://www.cyberdyneco.com,Cyberdyne Co.
Karen,Thomas,(650) 555-2156,karen.thomas7818@yahoo.com,https://www.bluthcompanyco.com,Bluth Company Co.
Elizabeth,Lopez,(415) 555-2815,elizabeth.lopez5284@yahoo.com,https://www.oscorpco.com,Oscorp Co.
John,Garcia,(512) 555-9242,john.garcia5299@yahoo.com,https://www.vandelayinc.com,Vandelay Inc.
Barbara,Taylor,(512) 555-8415,barbara.taylor1188@yahoo.com,https://www.cyberdynellc.com,Cyberdyne LLC
Susan,Taylor,(305) 555-2147,susan.taylor5876@yahoo.com,https://www.soylentco.com,Soylent Co.
John,Rodriguez,(305) 555-6571,john.rodriguez5537@yahoo.com,https://www.cyberdynecorp.com,Cyberdyne Corp.
Elizabeth,Taylor,(512) 555-4240,elizabeth.taylor5065@yahoo.com,https://www.wayneenterprisesltd.com,Wayne Enterprises Ltd.
Jennifer,Williams,(650) 555-4102,jennifer.williams6719@yahoo.com,https://www.acmeltd.com,Acme Ltd.
Elizabeth,Rodriguez,(415) 555-2708,elizabeth.rodriguez5888@yahoo.com,https://www.starkindustriesco.com,Stark Industries Co.
Thomas,Moore,(512) 555-9706,thomas.moore3194@yahoo.com,https://www.veerdycorp.com,Veerdy Corp.
Michael,Lopez,(212) 555-1593,michael.lopez5581@yahoo.com,https://www.tyrellco.com,Tyrell Co.
Jennifer,Lopez,(212) 555-1699,jennifer.lopez8368@yahoo.com,https://www.wayneenterprisesllc.com,Wayne Enterprises LLC
James,Brown,(650) 555-8689,james.brown2801@yahoo.com,https://www.globexco.com,Globex Co.
Barbara,Hernandez,(512) 555-1684,barbara.hernandez6555@yahoo.com,https://www.initechco.com,Initech Co.
Jessica,Davis,(512) 555-1019,jessica.davis8955@yahoo.com,https://www.acmecorp.com,Acme Corp.
Robert,Gonzalez,(415) 555-1495,robert.gonzalez8786@yahoo.com,https://www.cyberdyneco.com,Cyberdyne Co.
David,Davis,(305) 555-9828,david.davis6644@yahoo.com,https://www.veerdyllc.com,Veerdy LLC
Jennifer,Moore,(512) 555-6600,jennifer.moore9456@yahoo.com,https://www.starkindustriesco.com,Stark Industries Co.
Joseph,Hernandez,(305) 555-6553,joseph.hernandez5910@yahoo.com,https://www.cyberdynellc.com,Cyberdyne LLC
Joseph,Hernandez,(212) 555-6819,joseph.hernandez7465@yahoo.com,https://www.umbrellacorpco.com,Umbrella Corp Co.
Charles,Johnson,(512) 555-7745,charles.johnson3149@yahoo.com,https://www.apexltd.com,Apex Ltd.
Linda,Williams,(650) 555-2169,linda.williams1707@yahoo.com,https://www.tyrellllc.com,Tyrell LLC
Jessica,Jones,(212) 555-3865,jessica.jones5206@yahoo.com,https://www.hoolicorp.com,Hooli Corp.
Michael,Taylor,060-555-7823,michael.taylor8225@yahoo.com,https://www.apexco.com,Apex Co.
Sarah,Rodriguez,(305) 555-3334,sarah.rodriguez6743@yahoo.com,https://www.cyberdynecorp.com,Cyberdyne Corp.
David,Williams,(512) 555-2233,david.williams4198@yahoo.com,https://www.initechllc.com,Initech LLC
Elizabeth,Johnson,(415) 555-9573,elizabeth.johnson6956@yahoo.com,https://www.tyrellcorp.com,Tyrell Corp.
Thomas,Moore,(512) 555-2431,thomas.moore9428@yahoo.com,https://www.starkindustriesinc.com,Stark Industries Inc.
Jessica,Lopez,(305) 555-2355,jessica.lopez3121@yahoo.com,https://www.umbrellacorpinc.com,Umbrella Corp Inc.
Michael,Martin,(212) 555-4437,michael.martin1457@yahoo.com,https://www.oscorpinc.com,Oscorp Inc.
Michael,Anderson,(305) 555-7933,michael.anderson8595@yahoo.com,https://www.acmeinc.com,Acme Inc.
Susan,Davis,(650) 555-8169,susan.davis5046@yahoo.com,https://www.acmeltd.com,Acme Ltd.
Karen,Thomas,(512) 555-8946,karen.thomas8555@yahoo.com,https://www.oscorpltd.com,Oscorp Ltd.
John,Gonzalez,(415) 555-9477,john.gonzalez6112@yahoo.com,https://www.apexcorp.com,Apex Corp.
Elizabeth,Moore,083-555-4822,elizabeth.moore6023@yahoo.com,https://www.vandelayllc.com,Vandelay LLC
Mary,Anderson,(650) 555-6349,mary.anderson8159@yahoo.com,https://www.wayneenterprisescorp.com,Wayne Enterprises Corp.
Patricia,Hernandez,(415) 555-3520,patricia.hernandez7656@yahoo.com,https://www.bluthcompanyllc.com,Bluth Company LLC
Robert,Wilson,(650) 555-9814,robert.wilson9154@yahoo.com,https://www.initechcorp.com,Initech Corp.
Patricia,Moore,(212) 555-2044,patricia.moore3336@yahoo.com,https://www.apexcorp.com,Apex Corp.
Joseph,Jackson,(650) 555-3407,joseph.jackson4273@yahoo.com,https://www.cyberdynecorp.com,Cyberdyne Corp.
Jennifer,Davis,(212) 555-1729,jennifer.davis1575@yahoo.com,https://www.soylentcorp.com,Soylent Corp.
Robert,Martinez,(512) 555-3953,robert.martinez6802@yahoo.com,https://www.globexllc.com,Globex LLC
Mary,Rodriguez,(415) 555-8434,mary.rodriguez3344@yahoo.com,https://www.initechco.com,Initech Co.
James,Martin,(212) 555-3876,james.martin3157@yahoo.com,https://www.initechinc.com,Initech Inc.
Robert,Anderson,(305) 555-9474,robert.anderson3681@yahoo.com,https://www.starkindustriesco.com,Stark Industries Co.
Thomas,Garcia,(512) 555-2053,thomas.garcia1959@yahoo.com,https://www.wayneenterprisesllc.com,Wayne Enterprises LLC
John,Johnson,(512) 555-7026,john.johnson2343@yahoo.com,https://www.soylentllc.com,Soylent LLC
Susan,Brown,(415) 555-9798,susan.brown2286@yahoo.com,https://www.acmeltd.com,Acme Ltd.
William,Jones,(212) 555-9761,william.jones4238@yahoo.com,https://www.apexinc.com,Apex Inc.
Elizabeth,Martin,(212) 555-2114,elizabeth.martin5338@yahoo.com,https://www.wayneenterprisesltd.com,Wayne Enterprises Ltd.
Elizabeth,Gonzalez,(650) 555-9644,elizabeth.gonzalez3513@yahoo.com,https://www.soylentco.com,Soylent Co.
Patricia,Davis,075-555-4598,patricia.davis4887@yahoo.com,https://www.wayneenterprisesltd.com,Wayne Enterprises Ltd.
John,Johnson,(212) 555-4340,john.johnson9429@yahoo.com,https://www.oscorpllc.com,Oscorp LLC
Michael,Anderson,(212) 555-4880,michael.anderson8957@yahoo.com,https://www.initechltd.com,Initech Ltd.
Robert,Rodriguez,(512) 555-5464,robert.rodriguez2395@yahoo.com,https://www.acmeltd.com,Acme Ltd.
Elizabeth,Brown,(650) 555-8722,elizabeth.brown1651@yahoo.com,https://www.apexcorp.com,Apex Corp.
Robert,Hernandez,(305) 555-4844,robert.hernandez6215@yahoo.com,https://www.apexco.com,Apex Co.
Barbara,Smith,(305) 555-2232,barbara.smith6433@yahoo.com,https://www.starkindustriesco.com,Stark Industries Co.
Michael,Lopez,(415) 555-9081,michael.lopez7047@yahoo.com,https://www.oscorpcorp.com,Oscorp Corp.
Elizabeth,Taylor,(212) 555-6921,elizabeth.taylor1427@yahoo.com,https://www.wayneenterprisesltd.com,Wayne Enterprises Ltd.
Linda,Hernandez,(305) 555-4157,linda.hernandez2297@yahoo.com,https://www.soylentinc.com,Soylent Inc.
Richard,Martinez,(415) 555-5765,richard.martinez8114@yahoo.com,https://www.initechltd.com,Initech Ltd.
Mary,Wilson,(212) 555-5057,mary.wilson5129@yahoo.com,https://www.starkindustriesltd.com,Stark Industries Ltd.
Charles,Gonzalez,(512) 555-4572,charles.gonzalez2257@yahoo.com,https://www.bluthcompanyltd.com,Bluth Company Ltd.
Charles,Miller,(650) 555-4773,charles.miller7622@yahoo.com,https://www.veerdyco.com,Veerdy Co.
Susan,Jackson,(415) 555-5646,susan.jackson3986@yahoo.com,https://www.tyrellltd.com,Tyrell Ltd.
John,Wilson,(305) 555-8150,john.wilson4854@yahoo.com,https://www.acmeco.com,Acme Co.
John,Lopez,(650) 555-8509,john.lopez7947@yahoo.com,https://www.cyberdyneco.com,Cyberdyne Co.
Richard,Hernandez,140-555-6855,richard.hernandez2755@yahoo.com,https://www.oscorpco.com,Oscorp Co.
David,Rodriguez,(415) 555-2826,david.rodriguez7161@yahoo.com,https://www.wayneenterprisesltd.com,Wayne Enterprises Ltd.
Jennifer,Wilson,(212) 555-4415,jennifer.wilson2575@yahoo.com,https://www.vandelayllc.com,Vandelay LLC
William,Martinez,(650) 555-1993,william.martinez6603@yahoo.com,https://www.soylentltd.com,Soylent Ltd.
John,Lopez,(415) 555-1325,john.lopez4203@yahoo.com,https://www.globexltd.com,Globex Ltd.
Patricia,Johnson,(415) 555-5042,patricia.johnson4651@yahoo.com,https://www.globexinc.com,Globex Inc.
Sarah,Davis,(512) 555-5989,sarah.davis2563@yahoo.com,https://www.bluthcompanyltd.com,Bluth Company Ltd.
Thomas,Thomas,(512) 555-6692,thomas.thomas8463@yahoo.com,https://www.veerdyllc.com,Veerdy LLC
Barbara,Williams,(305) 555-3901,barbara.williams6464@yahoo.com,https://www.soylentcorp.com,Soylent Corp.
Michael,Brown,(512) 555-5262,michael.brown7119@yahoo.com,https://www.cyberdyneco.com,Cyberdyne Co.
John,Martin,(212) 555-8929,john.martin5439@yahoo.com,https://www.acmellc.com,Acme LLC
William,Martinez,(650) 555-3812,william.martinez3413@yahoo.com,https://www.globexltd.com,Globex Ltd.
William,Smith,(212) 555-4440,william.smith1745@yahoo.com,https://www.cyberdyneltd.com,Cyberdyne Ltd.
Susan,Smith,(650) 555-3239,susan.smith2259@yahoo.com,https://www.veerdyco.com,Veerdy Co.
Jennifer,Lopez,(512) 555-3905,jennifer.lopez9300@yahoo.com,https://www.wayneenterprisesco.com,Wayne Enterprises Co.
Barbara,Wilson,(512) 555-7125,barbara.wilson3984@yahoo.com,https://www.cyberdyneinc.com,Cyberdyne Inc.
Jessica,Brown,(512) 555-8242,jessica.brown5926@yahoo.com,https://www.hoolico.com,Hooli Co.
John,Garcia,(212) 555-3688,john.garcia6461@yahoo.com,https://www.veerdyllc.com,Veerdy LLC
Mary,Brown,(415) 555-3366,mary.brown6420@yahoo.com,https://www.hooliltd.com,Hooli Ltd.
Robert,Garcia,184-555-6211,robert.garcia3822@yahoo.com,https://www.initechinc.com,Initech Inc.
Barbara,Williams,(415) 555-8097,barbara.williams6243@yahoo.com,https://www.hoolillc.com,Hooli LLC
Patricia,Davis,(305) 555-5784,patricia.davis7660@yahoo.com,https://www.wayneenterprisesco.com,Wayne Enterprises Co.
John,Moore,(212) 555-4432,john.moore4352@yahoo.com,https://www.globexco.com,Globex Co.
Robert,Thomas,095-555-3940,robert.thomas2320@yahoo.com,https://www.umbrellacorpcorp.com,Umbrella Corp Corp.
Jessica,Taylor,193-555-2559,jessica.taylor3155@yahoo.com,https://www.tyrellcorp.com,Tyrell Corp.
Linda,Smith,(212) 555-9346,linda.smith8799@yahoo.com,https://www.hooliltd.com,Hooli Ltd.
Jennifer,Martin,(650) 555-2955,jennifer.martin7158@yahoo.com,https://www.umbrellacorpcorp.com,Umbrella Corp Corp.
Barbara,Johnson,(212) 555-1976,barbara.johnson3587@yahoo.com,https://www.veerdyinc.com,Veerdy Inc.
William,Smith,069-555-1150,william.smith3500@yahoo.com,https://www.vandelayltd.com,Vandelay Ltd.
Elizabeth,Miller,(415) 555-2168,elizabeth.miller8891@yahoo.com,https://www.wayneenterprisesltd.com,Wayne Enterprises Ltd.
Charles,Lopez,(415) 555-8848,charles.lopez4782@yahoo.com,https://www.cyberdynellc.com,Cyberdyne LLC
Michael,Taylor,(415) 555-3613,michael.taylor9006@yahoo.com,https://www.oscorpllc.com,Oscorp LLC
Charles,Jackson,(650) 555-2058,charles.jackson3704@yahoo.com,https://www.wayneenterprisesco.com,Wayne Enterprises Co.
Patricia,Lopez,(650) 555-8198,patricia.lopez1294@yahoo.com,https://www.vandelayco.com,Vandelay Co.
Michael,Rodriguez,(512) 555-2373,michael.rodriguez3893@yahoo.com,https://www.vandelayllc.com,Vandelay LLC
Sarah,Davis,(212) 555-8953,sarah.davis8567@yahoo.com,https://www.globexltd.com,Globex Ltd.
Sarah,Martin,(212) 555-5231,sarah.martin1266@yahoo.com,https://www.cyberdynellc.com,Cyberdyne LLC
Susan,Brown,(650) 555-2652,susan.brown1764@yahoo.com,https://www.initechllc.com,Initech LLC
Elizabeth,Gonzalez,(650) 555-2237,elizabeth.gonzalez8792@yahoo.com,https://www.wayneenterprisesco.com,Wayne Enterprises Co.
Jennifer,Jackson,(305) 555-8723,jennifer.jackson2859@yahoo.com,https://www.acmellc.com,Acme LLC
Joseph,Taylor,(212) 555-1367,joseph.taylor4476@yahoo.com,https://www.starkindustriescorp.com,Stark Industries Corp.
Elizabeth,Thomas,(212) 555-7137,elizabeth.thomas5252@yahoo.com,https://www.hoolico.com,Hooli Co.
Robert,Davis,(305) 555-3777,robert.davis6757@yahoo.com,https://www.starkindustriescorp.com,Stark Industries Corp.
Susan,Rodriguez,(305) 555-6255,susan.rodriguez2280@yahoo.com,https://www.globexcorp.com,Globex Corp.
Patricia,Hernandez,(305) 555-7406,patricia.hernandez9441@yahoo.com,https://www.umbrellacorpltd.com,Umbrella Corp Ltd.
Elizabeth,Gonzalez,(212) 555-6792,elizabeth.gonzalez5374@yahoo.com,https://www.initechllc.com,Initech LLC
Jessica,Martinez,(415) 555-2645,jessica.martinez5497@yahoo.com,https://www.apexco.com,Apex Co.
David,Smith,(305) 555-3660,david.smith9257@yahoo.com,https://www.cyberdynecorp.com,Cyberdyne Corp.
Charles,Moore,(212) 555-7624,charles.moore5844@yahoo.com,https://www.umbrellacorpcorp.com,Umbrella Corp Corp.
Robert,Williams,(305) 555-3108,robert.williams3524@yahoo.com,https://www.apexco.com,Apex Co.
Richard,Anderson,(305) 555-8902,richard.anderson4178@yahoo.com,https://www.globexinc.com,Globex Inc.
Barbara,Anderson,(415) 555-8994,barbara.anderson2857@yahoo.com,https://www.apexinc.com,Apex Inc.
William,Smith,(512) 555-4316,william.smith5835@yahoo.com,https://www.tyrellinc.com,Tyrell Inc.
Thomas,Hernandez,(305) 555-6519,thomas.hernandez4407@yahoo.com,https://www.hooliinc.com,Hooli Inc.
William,Thomas,(212) 555-7055,william.thomas1926@yahoo.com,https://www.hooliltd.com,Hooli Ltd.
Mary,Wilson,(415) 555-2496,mary.wilson4637@yahoo.com,https://www.bluthcompanyltd.com,Bluth Company Ltd.
Jennifer,Smith,(650) 555-7419,jennifer.smith3582@yahoo.com,https://www.umbrellacorpcorp.com,Umbrella Corp Corp.
Charles,Miller,(512) 555-6001,charles.miller4981@yahoo.com,https://www.oscorpltd.com,Oscorp Ltd.
Sarah,Williams,(415) 555-5835,sarah.williams5624@yahoo.com,https://www.soylentltd.com,Soylent Ltd.
John,Williams,(305) 555-6284,john.williams8128@yahoo.com,https://www.acmeltd.com,Acme Ltd.
Richard,Wilson,(650) 555-1701,richard.wilson9883@yahoo.com,https://www.globexcorp.com,Globex Corp.
John,Williams,(415) 555-2581,john.williams5796@yahoo.com,https://www.veerdyllc.com,Veerdy LLC
Elizabeth,Martinez,(415) 555-7899,elizabeth.martinez5656@yahoo.com,https://www.bluthcompanycorp.com,Bluth Company Corp.
Patricia,Wilson,(415) 555-1064,patricia.wilson8897@yahoo.com,https://www.soylentltd.com,Soylent Ltd.
James,Johnson,(305) 555-5499,james.johnson1383@yahoo.com,https://www.starkindustriesinc.com,Stark Industries Inc.
Jessica,Taylor,154-555-4484,jessica.taylor1499@yahoo.com,https://www.umbrellacorpllc.com,Umbrella Corp LLC
Mary,Brown,(212) 555-9739,mary.brown5490@yahoo.com,https://www.apexltd.com,Apex Ltd.
Linda,Miller,(212) 555-4821,linda.miller8803@yahoo.com,https://www.umbrellacorpinc.com,Umbrella Corp Inc.
Joseph,Brown,(512) 555-5686,joseph.brown8543@yahoo.com,https://www.wayneenterprisesinc.com,Wayne Enterprises Inc.
James,Garcia,(305) 555-6113,james.garcia9867@yahoo.com,https://www.wayneenterprisesltd.com,Wayne Enterprises Ltd.
Michael,Davis,(212) 555-8612,michael.davis2225@yahoo.com,https://www.globexco.com,Globex Co.
Elizabeth,Thomas,(212) 555-8031,elizabeth.thomas6101@yahoo.com,https://www.cyberdyneinc.com,Cyberdyne Inc.
Robert,Wilson,(305) 555-4047,robert.wilson3117@yahoo.com,https://www.acmeltd.com,Acme Ltd.
William,Wilson,156-555-2134,william.wilson1464@yahoo.com,https://www.veerdycorp.com,Veerdy Corp.
Elizabeth,Taylor,(512) 555-5860,elizabeth.taylor8032@yahoo.com,https://www.starkindustriescorp.com,Stark Industries Corp.
Karen,Thomas,(512) 555-5549,karen.thomas8707@yahoo.com,https://www.wayneenterprisesco.com,Wayne Enterprises Co.
James,Martin,(305) 555-1512,james.martin7861@yahoo.com,https://www.starkindustriesllc.com,Stark Industries LLC
Jennifer,Smith,(305) 555-8073,jennifer.smith5590@yahoo.com,https://www.acmeco.com,Acme Co.
Charles,Miller,(212) 555-7942,charles.miller8697@yahoo.com,https://www.apexcorp.com,Apex Corp.
David,Williams,(650) 555-7781,david.williams5084@yahoo.com,https://www.umbrellacorpltd.com,Umbrella Corp Ltd.
Barbara,Martin,(305) 555-8581,barbara.martin8177@yahoo.com,https://www.wayneenterprisesinc.com,Wayne Enterprises Inc.
Jennifer,Jones,087-555-7153,jennifer.jones5129@yahoo.com,https://www.globexcorp.com,Globex Corp.
Richard,Moore,(212) 555-3128,richard.moore9460@yahoo.com,https://www.umbrellacorpcorp.com,Umbrella Corp Corp.
Karen,Davis,165-555-5245,karen.davis3359@yahoo.com,https://www.apexltd.com,Apex Ltd.
Jennifer,Thomas,(650) 555-6541,jennifer.thomas8389@yahoo.com,https://www.acmeco.com,Acme Co.
Jennifer,Martin,(415) 555-3422,jennifer.martin1664@yahoo.com,https://www.wayneenterprisesllc.com,Wayne Enterprises LLC
Elizabeth,Jones,(650) 555-8454,elizabeth.jones2460@yahoo.com,https://www.starkindustriesinc.com,Stark Industries Inc.
Barbara,Smith,(305) 555-8504,barbara.smith1658@yahoo.com,https://www.soylentco.com,Soylent Co.
Robert,Moore,(305) 555-9809,robert.moore6061@yahoo.com,https://www.initechltd.com,Initech Ltd.
Barbara,Gonzalez,(305) 555-9157,barbara.gonzalez9240@yahoo.com,https://www.globexco.com,Globex Co.
Joseph,Gonzalez,(650) 555-7326,joseph.gonzalez2051@yahoo.com,https://www.starkindustriesltd.com,Stark Industries Ltd.
Charles,Gonzalez,(512) 555-7580,charles.gonzalez2170@yahoo.com,https://www.umbrellacorpcorp.com,Umbrella Corp Corp.
Jessica,Johnson,(650) 555-8644,jessica.johnson6581@yahoo.com,https://www.starkindustriesinc.com,Stark Industries Inc.
David,Hernandez,(415) 555-4862,david.hernandez9273@yahoo.com,https://www.acmeinc.com,Acme Inc.
Richard,Thomas,(512) 555-9674,richard.thomas4075@yahoo.com,https://www.apexcorp.com,Apex Corp.
Jessica,Jackson,(305) 555-3847,jessica.jackson5729@yahoo.com,https://www.bluthcompanyinc.com,Bluth Company Inc.
Charles,Brown,061-555-6746,charles.brown9554@yahoo.com,https://www.umbrellacorpltd.com,Umbrella Corp Ltd.
David,Williams,(415) 555-7921,david.williams4113@yahoo.com,https://www.globexltd.com,Globex Ltd.
James,Williams,(512) 555-9420,james.williams8271@yahoo.com,https://www.cyberdyneltd.com,Cyberdyne Ltd.
Mary,Anderson,(512) 555-3934,mary.anderson8882@yahoo.com,https://www.oscorpcorp.com,Oscorp Corp.
Barbara,Williams,(415) 555-7776,barbara.williams8238@yahoo.com,https://www.wayneenterprisesllc.com,Wayne Enterprises LLC
David,Garcia,084-555-1654,david.garcia6205@yahoo.com,https://www.bluthcompanyltd.com,Bluth Company Ltd.
Linda,Wilson,(415) 555-3633,linda.wilson7064@yahoo.com,https://www.hooliltd.com,Hooli Ltd.
Linda,Wilson,(305) 555-2022,linda.wilson5139@yahoo.com,https://www.bluthcompanyltd.com,Bluth Company Ltd.
Robert,Williams,(650) 555-8371,robert.williams4032@yahoo.com,https://www.starkindustriesco.com,Stark Industries Co.
Charles,Jackson,(650) 555-5194,charles.jackson4776@yahoo.com,https://www.tyrellllc.com,Tyrell LLC
William,Jackson,(415) 555-3692,william.jackson6554@yahoo.com,https://www.cyberdynecorp.com,Cyberdyne Corp.
Linda,Gonzalez,(512) 555-7219,linda.gonzalez8251@yahoo.com,https://www.vandelayltd.com,Vandelay Ltd.
Thomas,Wilson,056-555-1936,thomas.wilson9231@yahoo.com,https://www.vandelaycorp.com,Vandelay Corp.
David,Jones,(650) 555-5087,david.jones9642@yahoo.com,https://www.veerdycorp.com,Veerdy Corp.
Sarah,Miller,(512) 555-8355,sarah.miller2603@yahoo.com,https://www.apexllc.com,Apex LLC
John,Gonzalez,(415) 555-3885,john.gonzalez2280@yahoo.com,https://www.hoolicorp.com,Hooli Corp.
Karen,Thomas,098-555-3439,karen.thomas5864@yahoo.com,https://www.umbrellacorpcorp.com,Umbrella Corp Corp.
Mary,Jones,(512) 555-6898,mary.jones5505@yahoo.com,https://www.acmellc.com,Acme LLC
Joseph,Williams,(305) 555-3614,joseph.williams7350@yahoo.com,https://www.starkindustriesllc.com,Stark Industries LLC
David,Smith,(212) 555-3346,david.smith6083@yahoo.com,https://www.initechltd.com,Initech Ltd.
Michael,Hernandez,029-555-6515,michael.hernandez3145@yahoo.com,https://www.starkindustriescorp.com,Stark Industries Corp.
Thomas,Miller,(212) 555-5916,thomas.miller8210@yahoo.com,https://www.cyberdyneinc.com,Cyberdyne Inc.
Elizabeth,Williams,064-555-4975,elizabeth.williams2244@yahoo.com,https://www.starkindustriesinc.com,Stark Industries Inc.
Elizabeth,Smith,(415) 555-4742,elizabeth.smith2320@yahoo.com,https://www.oscorpinc.com,Oscorp Inc.
Susan,Martinez,125-555-3605,susan.martinez2014@yahoo.com,https://www.apexltd.com,Apex Ltd.
Michael,Garcia,(512) 555-8596,michael.garcia1196@yahoo.com,https://www.acmecorp.com,Acme Corp.
William,Moore,(650) 555-6654,william.moore5540@yahoo.com,https://www.apexltd.com,Apex Ltd.
William,Anderson,(305) 555-2234,william.anderson5977@yahoo.com,https://www.apexcorp.com,Apex Corp.
James,Thomas,(512) 555-8934,james.thomas9362@yahoo.com,https://www.soylentinc.com,Soylent Inc.
Karen,Johnson,(650) 555-6352,karen.johnson3282@yahoo.com,https://www.acmeltd.com,Acme Ltd.
Charles,Jones,(415) 555-7296,charles.jones7585@yahoo.com,https://www.soylentinc.com,Soylent Inc.
Thomas,Gonzalez,(212) 555-3395,thomas.gonzalez2755@yahoo.com,https://www.starkindustriesinc.com,Stark Industries Inc.
William,Hernandez,(415) 555-2145,william.hernandez6948@yahoo.com,https://www.initechllc.com,Initech LLC
William,Moore,(415) 555-2617,william.moore9691@yahoo.com,https://www.hooliinc.com,Hooli Inc.
Karen,Lopez,(212) 555-4218,karen.lopez9870@yahoo.com,https://www.oscorpcorp.com,Oscorp Corp.
Barbara,Jones,(415) 555-7206,barbara.jones4236@yahoo.com,https://www.starkindustriesllc.com,Stark Industries LLC
Elizabeth,Davis,179-555-9019,elizabeth.davis1713@yahoo.com,https://www.wayneenterprisesltd.com,Wayne Enterprises Ltd.
David,Thomas,(512) 555-6771,david.thomas8197@yahoo.com,https://www.soylentltd.com,Soylent Ltd.
Joseph,Davis,(512) 555-5994,joseph.davis2861@yahoo.com,https://www.umbrellacorpinc.com,Umbrella Corp Inc.
Patricia,Taylor,(512) 555-3046,patricia.taylor3950@yahoo.com,https://www.cyberdyneltd.com,Cyberdyne Ltd.
Jessica,Thomas,(212) 555-4330,jessica.thomas1537@yahoo.com,https://www.apexinc.com,Apex Inc.
Patricia,Smith,152-555-1880,patricia.smith7052@yahoo.com,https://www.tyrellltd.com,Tyrell Ltd.
Charles,Hernandez,(650) 555-7510,charles.hernandez2081@yahoo.com,https://www.cyberdyneltd.com,Cyberdyne Ltd.
Barbara,Garcia,(415) 555-3883,barbara.garcia1211@yahoo.com,https://www.bluthcompanyllc.com,Bluth Company LLC
David,Thomas,(512) 555-2363,david.thomas8163@yahoo.com,https://www.globexcorp.com,Globex Corp.
Patricia,Jones,(305) 555-1562,patricia.jones3103@yahoo.com,https://www.hoolillc.com,Hooli LLC
Barbara,Johnson,(415) 555-7699,barbara.johnson8998@yahoo.com,https://www.bluthcompanycorp.com,Bluth Company Corp.
Susan,Johnson,(212) 555-5753,susan.johnson6642@yahoo.com,https://www.starkindustriesco.com,Stark Industries Co.
William,Gonzalez,(512) 555-1061,william.gonzalez4480@yahoo.com,https://www.bluthcompanyllc.com,Bluth Company LLC
Elizabeth,Johnson,(650) 555-1517,elizabeth.johnson1376@yahoo.com,https://www.bluthcompanycorp.com,Bluth Company Corp.
Thomas,Martin,(415) 555-2571,thomas.martin2118@yahoo.com,https://www.apexinc.com,Apex Inc.
William,Hernandez,160-555-5309,william.hernandez3577@yahoo.com,https://www.hooliinc.com,Hooli Inc.
Patricia,Hernandez,(512) 555-9543,patricia.hernandez1643@yahoo.com,https://www.cyberdynecorp.com,Cyberdyne Corp.
Sarah,Taylor,(650) 555-4211,sarah.taylor8316@yahoo.com,https://www.bluthcompanyinc.com,Bluth Company Inc.
Jessica,Rodriguez,(212) 555-6051,jessica.rodriguez9241@yahoo.com,https://www.veerdyco.com,Veerdy Co.
Michael,Garcia,(650) 555-1967,michael.garcia8990@yahoo.com,https://www.starkindustriesinc.com,Stark Industries Inc.
Sarah,Martin,(650) 555-9136,sarah.martin1258@yahoo.com,https://www.globexinc.com,Globex Inc.
Michael,Jones,(212) 555-1407,michael.jones6488@yahoo.com,https://www.initechinc.com,Initech Inc.
Joseph,Thomas,(650) 555-8426,joseph.thomas5373@yahoo.com,https://www.globexllc.com,Globex LLC
William,Williams,(512) 555-8523,william.williams4684@yahoo.com,https://www.bluthcompanyco.com,Bluth Company Co.
David,Anderson,(415) 555-2313,david.anderson3417@yahoo.com,https://www.cyberdyneco.com,Cyberdyne Co.
David,Miller,(415) 555-3397,david.miller1536@yahoo.com,https://www.cyberdyneco.com,Cyberdyne Co.
Susan,Davis,(512) 555-6900,susan.davis6961@yahoo.com,https://www.tyrellltd.com,Tyrell Ltd.
Robert,Rodriguez,170-555-6031,robert.rodriguez6734@yahoo.com,https://www.hoolico.com,Hooli Co.
John,Miller,(415) 555-8145,john.miller1816@yahoo.com,https://www.tyrellinc.com,Tyrell Inc.
Jessica,Jackson,187-555-7585,jessica.jackson9963@yahoo.com,https://www.hoolico.com,Hooli Co.
Barbara,Jones,(305) 555-3417,barbara.jones7591@yahoo.com,https://www.vandelayllc.com,Vandelay LLC
Karen,Davis,(512) 555-4764,karen.davis7110@yahoo.com,https://www.hooliinc.com,Hooli Inc.
Richard,Rodriguez,162-555-3805,richard.rodriguez4435@yahoo.com,https://www.cyberdynecorp.com,Cyberdyne Corp.
Joseph,Davis,(212) 555-1403,joseph.davis2818@yahoo.com,https://www.hoolico.com,Hooli Co.
Karen,Brown,(212) 555-9241,karen.brown1446@yahoo.com,https://www.acmeltd.com,Acme Ltd.
John,Martinez,(650) 555-3404,john.martinez2814@yahoo.com,https://www.vandelayllc.com,Vandelay LLC
John,Miller,(212) 555-6822,john.miller6703@yahoo.com,https://www.umbrellacorpco.com,Umbrella Corp Co.
Joseph,Williams,(650) 555-1873,joseph.williams1066@yahoo.com,https://www.apexcorp.com,Apex Corp.
John,Moore,(212) 555-1330,john.moore1110@yahoo.com,https://www.globexllc.com,Globex LLC
Sarah,Anderson,(650) 555-9392,sarah.anderson6114@yahoo.com,https://www.acmeco.com,Acme Co.
James,Lopez,(650) 555-2465,james.lopez1879@yahoo.com,https://www.wayneenterprisesltd.com,Wayne Enterprises Ltd.
Jennifer,Gonzalez,(512) 555-7426,jennifer.gonzalez2817@yahoo.com,https://www.bluthcompanyllc.com,Bluth Company LLC
Richard,Martinez,(415) 555-1728,richard.martinez3151@yahoo.com,https://www.tyrellllc.com,Tyrell LLC
James,Davis,(415) 555-5355,james.davis3474@yahoo.com,https://www.oscorpltd.com,Oscorp Ltd.
William,Hernandez,(512) 555-3615,william.hernandez5002@yahoo.com,https://www.soylentinc.com,Soylent Inc.
Mary,Anderson,(305) 555-6736,mary.anderson5228@yahoo.com,https://www.globexcorp.com,Globex Corp.
Joseph,Miller,(512) 555-7218,joseph.miller7127@yahoo.com,https://www.wayneenterprisesllc.com,Wayne Enterprises LLC
Mary,Thomas,(512) 555-5594,mary.thomas4137@yahoo.com,https://www.oscorpcorp.com,Oscorp Corp.
Sarah,Martinez,(212) 555-8343,sarah.martinez8282@yahoo.com,https://www.umbrellacorpllc.com,Umbrella Corp LLC
Robert,Garcia,075-555-1817,robert.garcia8191@yahoo.com,https://www.soylentinc.com,Soylent Inc.
William,Thomas,(212) 555-5194,william.thomas1543@yahoo.com,https://www.oscorpinc.com,Oscorp Inc.
Charles,Jones,(305) 555-4873,charles.jones6602@yahoo.com,https://www.umbrellacorpco.com,Umbrella Corp Co.
Robert,Hernandez,(512) 555-1164,robert.hernandez2793@yahoo.com,https://www.oscorpllc.com,Oscorp LLC
Mary,Smith,(650) 555-4596,mary.smith3158@yahoo.com,https://www.starkindustriesltd.com,Stark Industries Ltd.
Mary,Rodriguez,(305) 555-6187,mary.rodriguez7936@yahoo.com,https://www.cyberdyneco.com,Cyberdyne Co.
James,Wilson,127-555-1924,james.wilson4267@yahoo.com,https://www.apexinc.com,Apex Inc.
John,Martin,(650) 555-5165,john.martin7668@yahoo.com,https://www.tyrellco.com,Tyrell Co.
Joseph,Brown,(650) 555-2160,joseph.brown8889@yahoo.com,https://www.acmeinc.com,Acme Inc.
Michael,Brown,(650) 555-4787,michael.brown8995@yahoo.com,https://www.oscorpinc.com,Oscorp Inc.
Joseph,Taylor,(650) 555-9669,joseph.taylor3083@yahoo.com,https://www.wayneenterprisescorp.com,Wayne Enterprises Corp.
Jessica,Smith,092-555-7877,jessica.smith8864@yahoo.com,https://www.hooliltd.com,Hooli Ltd.
Elizabeth,Moore,(212) 555-4641,elizabeth.moore6136@yahoo.com,https://www.cyberdyneinc.com,Cyberdyne Inc.
Susan,Lopez,(650) 555-2823,susan.lopez6333@yahoo.com,https://www.acmeltd.com,Acme Ltd.
John,Jones,(415) 555-8456,john.jones2683@yahoo.com,https://www.tyrellcorp.com,Tyrell Corp.
Patricia,Rodriguez,(305) 555-9334,patricia.rodriguez3646@yahoo.com,https://www.veerdyco.com,Veerdy Co.
Richard,Wilson,(650) 555-1777,richard.wilson6825@yahoo.com,https://www.globexllc.com,Globex LLC
Michael,Brown,(212) 555-6388,michael.brown7157@yahoo.com,https://www.globexltd.com,Globex Ltd.
Mary,Jackson,(512) 555-3721,mary.jackson9350@yahoo.com,https://www.umbrellacorpinc.com,Umbrella Corp Inc.
John,Wilson,(650) 555-2233,john.wilson6649@yahoo.com,https://www.apexcorp.com,Apex Corp.
Robert,Williams,(212) 555-4608,robert.williams2838@yahoo.com,https://www.starkindustriescorp.com,Stark Industries Corp.
Barbara,Hernandez,(305) 555-7776,barbara.hernandez1200@yahoo.com,https://www.vandelayllc.com,Vandelay LLC
James,Jackson,(212) 555-9283,james.jackson5297@yahoo.com,https://www.globexltd.com,Globex Ltd.
Jessica,Martinez,(512) 555-7588,jessica.martinez2634@yahoo.com,https://www.wayneenterprisesinc.com,Wayne Enterprises Inc.
William,Davis,(305) 555-6355,william.davis2146@yahoo.com,https://www.acmeltd.com,Acme Ltd.
John,Martinez,(650) 555-2471,john.martinez2020@yahoo.com,https://www.globexltd.com,Globex Ltd.
Patricia,Johnson,(650) 555-5152,patricia.johnson6960@yahoo.com,https://www.hoolillc.com,Hooli LLC
Elizabeth,Johnson,(650) 555-5999,elizabeth.johnson9353@yahoo.com,https://www.umbrellacorpco.com,Umbrella Corp Co.
Thomas,Davis,083-555-7305,thomas.davis5336@yahoo.com,https://www.veerdyinc.com,Veerdy Inc.
Robert,Davis,(212) 555-3068,robert.davis3961@yahoo.com,https://www.apexinc.com,Apex Inc.
Richard,Anderson,(305) 555-4617,richard.anderson8242@yahoo.com,https://www.apexco.com,Apex Co.
Mary,Brown,(650) 555-1612,mary.brown6446@yahoo.com,https://www.umbrellacorpinc.com,Umbrella Corp Inc.
John,Brown,(305) 555-8938,john.brown2295@yahoo.com,https://www.initechcorp.com,Initech Corp.
Elizabeth,Moore,(305) 555-9221,elizabeth.moore8346@yahoo.com,https://www.acmeltd.com,Acme Ltd.
Charles,Davis,(415) 555-3761,charles.davis6419@yahoo.com,https://www.veerdyltd.com,Veerdy Ltd.
Susan,Wilson,(512) 555-8835,susan.wilson9464@yahoo.com,https://www.globexco.com,Globex Co.
John,Wilson,(512) 555-8881,john.wilson5961@yahoo.com,https://www.vandelayltd.com,Vandelay Ltd.
Jessica,Smith,(305) 555-5422,jessica.smith4499@yahoo.com,https://www.veerdyco.com,Veerdy Co.
Richard,Williams,(512) 555-5929,richard.williams3479@yahoo.com,https://www.initechcorp.com,Initech Corp.
David,Miller,(650) 555-5612,david.miller6427@yahoo.com,https://www.globexltd.com,Globex Ltd.
Susan,Gonzalez,(415) 555-5084,susan.gonzalez1150@yahoo.com,https://www.umbrellacorpcorp.com,Umbrella Corp Corp.
Patricia,Brown,(212) 555-7070,patricia.brown7815@yahoo.com,https://www.tyrellco.com,Tyrell Co.
Joseph,Williams,(305) 555-9369,joseph.williams7917@yahoo.com,https://www.tyrellllc.com,Tyrell LLC
Barbara,Gonzalez,(305) 555-2500,barbara.gonzalez4548@yahoo.com,https://www.umbrellacorpcorp.com,Umbrella Corp Corp.
Charles,Jones,(650) 555-1460,charles.jones7009@yahoo.com,https://www.initechinc.com,Initech Inc.
Sarah,Davis,(212) 555-4445,sarah.davis9413@yahoo.com,https://www.initechcorp.com,Initech Corp.
Sarah,Jones,(212) 555-1372,sarah.jones1021@yahoo.com,https://www.starkindustriescorp.com,Stark Industries Corp.
David,Smith,(305) 555-4782,david.smith6441@yahoo.com,https://www.cyberdyneinc.com,Cyberdyne Inc.
Thomas,Brown,(212) 555-8451,thomas.brown1990@yahoo.com,https://www.cyberdynellc.com,Cyberdyne LLC
John,Jackson,(212) 555-1777,john.jackson3379@yahoo.com,https://www.soylentllc.com,Soylent LLC
Mary,Johnson,(415) 555-6279,mary.johnson3709@yahoo.com,https://www.tyrellllc.com,Tyrell LLC
Robert,Taylor,(212) 555-1636,robert.taylor9134@yahoo.com,https://www.starkindustriesllc.com,Stark Industries LLC
John,Lopez,(415) 555-4122,john.lopez1719@yahoo.com,https://www.cyberdyneltd.com,Cyberdyne Ltd.
Jennifer,Brown,(415) 555-7579,jennifer.brown4989@yahoo.com,https://www.umbrellacorpinc.com,Umbrella Corp Inc.
Elizabeth,Anderson,(512) 555-3041,elizabeth.anderson6471@yahoo.com,https://www.tyrellcorp.com,Tyrell Corp.
Jennifer,Gonzalez,123-555-7266,jennifer.gonzalez6661@yahoo.com,https://www.acmeltd.com,Acme Ltd.
William,Brown,(305) 555-5923,william.brown1446@yahoo.com,https://www.acmellc.com,Acme LLC
Charles,Rodriguez,(415) 555-6328,charles.rodriguez9678@yahoo.com,https://www.globexinc.com,Globex Inc.
David,Martinez,(305) 555-6122,david.martinez4600@yahoo.com,https://www.soylentco.com,Soylent Co.
Thomas,Martin,068-555-8071,thomas.martin3794@yahoo.com,https://www.cyberdynecorp.com,Cyberdyne Corp.
Barbara,Martinez,(212) 555-8631,barbara.martinez8627@yahoo.com,https://www.hoolicorp.com,Hooli Corp.
Karen,Wilson,(512) 555-8268,karen.wilson3166@yahoo.com,https://www.wayneenterprisescorp.com,Wayne Enterprises Corp.
Elizabeth,Lopez,(650) 555-9385,elizabeth.lopez5211@yahoo.com,https://www.soylentcorp.com,Soylent Corp.
Charles,Smith,(212) 555-2589,charles.smith2711@yahoo.com,https://www.cyberdyneinc.com,Cyberdyne Inc.
Jessica,Moore,(415) 555-4083,jessica.moore2559@yahoo.com,https://www.hooliltd.com,Hooli Ltd.
Mary,Hernandez,(512) 555-7316,mary.hernandez8862@yahoo.com,https://www.starkindustriesco.com,Stark Industries Co.
Jessica,Gonzalez,(305) 555-8008,jessica.gonzalez4055@yahoo.com,https://www.tyrellcorp.com,Tyrell Corp.
Barbara,Brown,(650) 555-1977,barbara.brown9296@yahoo.com,https://www.oscorpcorp.com,Oscorp Corp.
Karen,Wilson,(512) 555-1679,karen.wilson9176@yahoo.com,https://www.cyberdyneltd.com,Cyberdyne Ltd.
Joseph,Jackson,(212) 555-5200,joseph.jackson2709@yahoo.com,https://www.starkindustriesco.com,Stark Industries Co.
Thomas,Thomas,(512) 555-4681,thomas.thomas1216@yahoo.com,https://www.oscorpcorp.com,Oscorp Corp.
